{
  "owner": "Juice Washington",
  "account_type": "Checking",
  "account_interest": 22,
  "status": "Active",
  "balance": 100,
  "limit": 10,
  "maximum": 250,
  "stocks": [
    {
      "Shares": 20,
      "Current Value Share": 30,
      "API Access": "Google"
    },
    {
      "Shares": 500,
      "Current Value Share": 25,
      "API Access": "Meta"
    }
  ],
  "properties": [
    {
      "id": 1,
      "Remaining Mortgage": 33444448,
      "Mortgage Monthly Cost": 97222,
      "Current Rental Income": 0,
      "Hoa, Upkeep, and other Expenses": 25000
    },
    {
      "id": 2,
      "Remaining Mortgage": 5833340,
      "Mortgage Monthly Cost": 16666,
      "Current Rental Income": 200000,
      "Hoa, Upkeep, and other Expenses": 12000
    }
  ],
  "history": [
    {
      "amount": 70
    },
    {
      "amount": -50
    }
  ]
}