{"owner":"Juice Washington","account_type":"Checking","account_interest":22,"status":"Active","balance":120,"limit":10,"maximum":250,"stocks":[{"Shares":20,"Current Value Share":30,"API Access":"Google"},{"Shares":500,"Current Value Share":25,"API Access":"Meta"}],"properties":[{"id":2,"Remaining Mortgage":160,"Mortgage Monthly Cost":0,"Current Rental Income":20000,"Hoa, Upkeep, and other Expenses":20},{"id":1,"Remaining Mortgage":33444448,"Mortgage Monthly Cost":97222,"Current Rental Income":0,"Hoa, Upkeep, and other Expenses":25000}],"history":[{"amount":-50},{"amount":-100},{"amount":-40},{"amount":20},{"amount":-250},{"amount":400},{"amount":120},{"amount":-80},{"amount":70},{"amount":-50}]}
